tick,c_b_wealth,c_w_agitation,c_w_consciousness,c_w_national_identity,c_w_wealth,consciousness_gap,current_repression_level,current_super_wage_rate,exploitation_rent,exploitation_tension,global_tension,imperial_rent_pool,overshoot_ratio,p_c_wealth,p_w_agitation,p_w_consciousness,p_w_national_identity,p_w_organization,p_w_psa,p_w_psr,p_w_wealth,pool_ratio,solidarity_strength,total_biocapacity,total_consumption,tribute_flow,wages_paid,wealth_gap
0,0.9,0.0,0.4,0.6,0.18,0.25,0.5,0.2,0.0,0.0,0.0,100.0,0.0003,1.2,0.0,0.65,0.35,0.1,0.0,0.0,0.6,1.0,0.0,200.0,0.06,0.0,0.0,0.30000000000000004
1,0.997389,0.0,0.4,0.6,9.615846,0.25,0.5,0.25,0.00333,0.034751,0.034751,99.907174,0.0003184063363794931,1.078497,0.0,0.65,0.35,0.1,0.958968,0.2,0.61515,0.999072,0.0,188.438461,0.06,0.119833,9.615846,0.382239
2,1.083793,0.14977043808079393,0.4,0.609985,16.872281,0.25,0.5,0.25,0.00341,0.060176,0.060176,99.803571,0.000330702083830994,0.969216,0.0,0.65,0.35,0.1,0.964503,0.2,0.630216,0.998036,0.0,181.43218,0.06,0.107691,8.506435,0.453577
3,1.170098,0.22604695591752466,0.4,0.625054,23.452764,0.25,0.5,0.25,0.003489,0.077106,0.077106,99.700077,0.00034137903406324376,0.870935,0.0,0.65,0.35,0.1,0.969293,0.2,0.645207,0.997001,0.0,175.757718,0.06,0.096771,7.830483,0.5248910000000001
4,1.24663,0.2768079585435797,0.4,0.643508,29.489797,0.25,0.5,0.25,0.003568,0.086289,0.086289,99.587036,0.0003505603172066064,0.782553,0.0,0.65,0.35,0.1,0.973433,0.2,0.660115,0.99587,0.0,171.154569,0.06,0.08695,7.287033,0.5865149999999999
5,1.314374,0.30918486605110107,0.4,0.664121,35.081958,0.25,0.5,0.25,0.003647,0.088399,0.088399,99.465451,0.0003586594743486744,0.70308,0.0,0.65,0.35,0.1,0.977011,0.2,0.674949,0.994655,0.0,167.2896,0.06,0.07812,6.842161,0.6394249999999999
6,1.374217,0.3281422459597611,0.4,0.685997,40.304668,0.25,0.5,0.25,0.003724,0.092755,0.092755,99.336223,0.000365665019979571,0.631624,0.0,0.65,0.35,0.1,0.980101,0.2,0.689701,0.993362,0.0,164.084604,0.06,0.07018,6.47271,0.684516
7,1.426956,0.33723552478562097,0.4,0.708479,45.216952,0.25,0.5,0.25,0.003802,0.10303,0.10303,99.200165,0.00037192494777708824,0.567383,0.0,0.65,0.35,0.1,0.982771,0.2,0.70438,0.992002,0.0,161.32287,0.06,0.063043,6.162284,0.7225759999999999
8,1.47331,0.3390660113274696,0.4,0.731084,49.865873,0.25,0.5,0.25,0.003879,0.118731,0.118731,99.058006,0.0003773498305060911,0.509636,0.0,0.65,0.35,0.1,0.985076,0.2,0.718978,0.99058,0.0,159.003649,0.06,0.056626,5.898921,0.7543319999999999
9,1.513925,0.33556798304825186,0.4,0.753455,54.289545,0.25,0.5,0.25,0.003955,0.139414,0.139414,98.910403,0.00038225438306732347,0.457732,0.0,0.65,0.35,0.1,0.987068,0.2,0.733504,0.989104,0.0,156.963537,0.06,0.050859,5.673672,0.7804209999999999
10,1.549382,0.3281972144547159,0.4,0.775335,58.519247,0.25,0.5,0.25,0.004031,0.164679,0.164679,98.757948,0.00038649950030767935,0.411087,0.0,0.65,0.35,0.1,0.988788,0.2,0.747949,0.987579,0.0,155.239528,0.06,0.045676,5.479702,0.8014330000000001
11,1.580204,0.3180590357482848,0.4,0.796539,62.580937,0.25,0.5,0.25,0.004106,0.194165,0.194165,98.601173,0.00039038203039242517,0.369174,0.0,0.65,0.35,0.1,0.990275,0.2,0.762323,0.986012,0.0,153.695599,0.06,0.041019,5.31169,0.817881
12,1.606862,0.30599767647415443,0.4,0.816938,66.496371,0.25,0.5,0.25,0.004181,0.227547,0.227547,98.440556,0.00039372913641610167,0.33152,0.0,0.65,0.35,0.1,0.991559,0.2,0.776618,0.984406,0.0,152.389027,0.06,0.036836,5.165434,0.830244
13,1.629781,0.29266021471210774,0.4,0.836449,70.283936,0.25,0.5,0.25,0.004256,0.264533,0.264533,98.276528,0.000396827779891694,0.297698,0.0,0.65,0.35,0.1,0.99267,0.2,0.790843,0.982765,0.0,151.199092,0.06,0.033078,5.037565,0.838938
14,1.649341,0.2785430980432647,0.4,0.855019,73.959287,0.25,0.5,0.25,0.00433,0.304858,0.304858,98.109476,0.0003994811778151243,0.267325,0.0,0.65,0.35,0.1,0.993631,0.2,0.80499,0.981095,0.0,150.194811,0.06,0.029703,4.925351,0.844351
15,1.665886,0.2640266519092068,0.4,0.87262,77.535839,0.25,0.5,0.25,0.004403,0.348284,0.348284,97.939749,0.0004019707365705747,0.240055,0.0,0.65,0.35,0.1,0.994463,0.2,0.819068,0.979397,0.0,149.264597,0.06,0.026673,4.826552,0.846818
16,1.679724,0.24940108796618574,0.4,0.889247,81.025154,0.25,0.5,0.25,0.004476,0.394596,0.394596,97.76766,0.0004040821319831243,0.215578,0.0,0.65,0.35,0.1,0.995183,0.2,0.833068,0.977677,0.0,148.484665,0.06,0.023953,4.739315,0.846656
17,1.691133,0.2348862376314457,0.4,1.0,84.437244,0.25,0.5,0.25,0.004549,0.4436,0.4436,97.593491,0.000406093654577509,0.193614,0.0,0.65,0.35,0.1,0.995806,0.2,0.847,0.975935,0.0,147.749169,0.06,0.021513,4.66209,0.844133
18,1.700364,0.22064678137373145,0.4,1.0,87.780822,0.25,0.5,0.25,0.004621,0.495121,0.495121,97.417496,0.0004077778098638502,0.173911,0.0,0.65,0.35,0.1,0.996347,0.2,0.860856,0.974175,0.0,147.138953,0.06,0.019323,4.593578,0.839508
19,1.707641,0.20680400767615378,0.4,1.0,91.063497,0.25,0.5,0.25,0.004692,0.549001,0.549001,97.239903,0.0004094111700481993,0.156243,0.0,0.65,0.35,0.1,0.996816,0.2,0.874644,0.972399,0.0,146.551937,0.06,0.01736,4.532675,0.832997
20,1.713167,0.19344511103123144,0.4,1.0,94.291939,0.25,0.5,0.25,0.004763,0.605097,0.605097,97.060918,0.0004107561874908666,0.140406,0.0,0.65,0.35,0.1,0.997223,0.2,0.888357,0.970609,0.0,146.072054,0.06,0.015601,4.478442,0.8248100000000002
21,1.717124,0.18063043091263145,0.4,1.0,97.472012,0.25,0.5,0.25,0.004834,0.663281,0.663281,96.880725,0.00041208852342802923,0.126216,0.0,0.65,0.35,0.1,0.997576,0.2,0.902004,0.968807,0.0,145.599784,0.06,0.014024,4.430073,0.8151200000000001
22,1.719675,0.168399174920713,0.4,1.0,100.608886,0.25,0.5,0.25,0.004904,0.723436,0.723436,96.69949,0.00041316283636369793,0.113508,0.0,0.65,0.35,0.1,0.997883,0.2,0.915576,0.966995,0.0,145.221193,0.06,0.012612,4.386874,0.8040990000000001
23,1.720969,0.1567740373104169,0.4,1.0,103.707132,0.25,0.5,0.25,0.004974,0.785457,0.785457,96.517362,0.00041425435138466694,0.102134,0.0,0.65,0.35,0.1,0.99815,0.2,0.929083,0.965174,0.0,144.838551,0.06,0.011348,4.348246,0.791886
24,1.721138,0.14576479758276265,0.4,1.0,106.770799,0.25,0.5,0.25,0.005044,0.849249,0.849249,96.334476,0.00041511162105882564,0.09196,0.0,0.65,0.35,0.1,0.998382,0.2,0.942516,0.963345,0.0,144.539437,0.06,0.010218,4.313667,0.778622
25,1.720301,0.1353712607012333,0.4,1.0,109.803481,0.25,0.5,0.25,0.005113,0.914725,0.914725,96.150952,0.00041600970644940674,0.082865,0.0,0.65,0.35,0.1,0.998584,0.2,0.955884,0.96151,0.0,144.227404,0.06,0.009207,4.282682,0.7644170000000001
26,1.718566,0.12558559164141395,0.4,1.0,112.808375,0.25,0.5,0.25,0.005181,0.981808,0.981808,95.966898,0.00041669233665082243,0.074741,0.0,0.65,0.35,0.1,0.99876,0.2,0.969179,0.959669,0.0,143.991129,0.06,0.008305,4.254894,0.749387
27,1.716029,0.11639414380042348,0.4,1.0,115.788327,0.25,0.5,0.25,0.005249,1.0,1.0,95.782412,0.00041743455201936154,0.067491,0.0,0.65,0.35,0.1,0.998914,0.2,0.982411,0.957824,0.0,143.735107,0.06,0.007499,4.229952,0.733618
28,1.712777,0.10777900087392162,0.4,1.0,118.745877,0.25,0.5,0.25,0.005317,1.0,1.0,95.597582,0.0004179762559392336,0.061027,0.0,0.65,0.35,0.1,0.999048,0.2,0.995571,0.955976,0.0,143.548824,0.06,0.006781,4.20755,0.717206
29,1.708889,0.09971916980971388,0.4,1.0,121.683293,0.25,0.5,0.25,0.005384,1.0,1.0,95.412486,0.0004185925470238844,0.05527,0.0,0.65,0.35,0.1,0.999165,0.2,1.008668,0.954125,0.0,143.337478,0.06,0.006141,4.187416,0.7002210000000002
30,1.704434,0.09219149859041756,0.4,1.0,124.602604,0.25,0.5,0.25,0.005451,1.0,1.0,95.227195,0.00041902026567072065,0.050149,0.0,0.65,0.35,0.1,0.999266,0.2,1.021694,0.952272,0.0,143.191165,0.06,0.005572,4.169311,0.6827399999999999
31,1.699476,0.0851714892978582,0.4,1.0,127.505625,0.25,0.5,0.25,0.005517,1.0,1.0,95.041773,0.0004195346081614934,0.045599,0.0,0.65,0.35,0.1,0.999356,0.2,1.034658,0.950418,0.0,143.015615,0.06,0.005067,4.153021,0.6648179999999999
32,1.694072,0.07863384823032149,0.4,1.0,130.393983,0.25,0.5,0.25,0.005583,1.0,1.0,94.856276,0.00041986995661742656,0.041564,0.0,0.65,0.35,0.1,0.999434,0.2,1.047552,0.948563,0.0,142.901389,0.06,0.004618,4.138358,0.64652
33,1.688273,0.07255301960037605,0.4,1.0,133.269137,0.25,0.5,0.25,0.005648,1.0,1.0,94.670756,0.00042030162189352267,0.037991,0.0,0.65,0.35,0.1,0.999502,0.2,1.060384,0.946708,0.0,142.754624,0.06,0.004221,4.125154,0.6278889999999999
34,1.682125,0.06690351070364024,0.4,1.0,136.132396,0.25,0.5,0.25,0.005713,1.0,1.0,94.485259,0.00042056200247120827,0.034834,0.0,0.65,0.35,0.1,0.999561,0.2,1.073147,0.944853,0.0,142.666241,0.06,0.00387,4.113259,0.608978
35,1.675669,0.0616601968755624,0.4,1.0,138.984936,0.25,0.5,0.25,0.005778,1.0,1.0,94.299825,0.0004209265219929583,0.032051,0.0,0.65,0.35,0.1,0.999614,0.2,1.08585,0.942998,0.0,142.542693,0.06,0.003561,4.10254,0.5898190000000001
36,1.668943,0.05679854451128838,0.4,1.0,141.827814,0.25,0.5,0.25,0.005842,1.0,1.0,94.114492,0.00042112598138145885,0.029604,0.0,0.65,0.35,0.1,0.99966,0.2,1.098484,0.941145,0.0,142.47518,0.06,0.003289,4.092878,0.570459
37,1.661979,0.052294772620052374,0.4,1.0,144.661981,0.25,0.5,0.25,0.005906,1.0,1.0,93.929293,0.00042143591053426957,0.027459,0.0,0.65,0.35,0.1,0.9997,0.2,1.111059,0.939293,0.0,142.370402,0.06,0.003051,4.084167,0.5509200000000001
38,1.654808,0.048125972286985626,0.4,1.0,147.488291,0.25,0.5,0.25,0.00597,1.0,1.0,93.744258,0.0004215858148571184,0.025586,0.0,0.65,0.35,0.1,0.999735,0.2,1.123566,0.937443,0.0,142.319779,0.06,0.002843,4.07631,0.531242
39,1.647457,0.044270175223427397,0.4,1.0,150.307513,0.25,0.5,0.25,0.006033,1.0,1.0,93.559413,0.00042185132194669895,0.023957,0.0,0.65,0.35,0.1,0.999766,0.2,1.136014,0.935594,0.0,142.230205,0.06,0.002662,4.069222,0.5114429999999999
40,1.63995,0.04070644157654869,0.4,1.0,153.120341,0.25,0.5,0.25,0.006095,1.0,1.0,93.374782,0.00042196088684194724,0.022547,0.0,0.65,0.35,0.1,0.999793,0.2,1.148395,0.933748,0.0,142.193274,0.06,0.002505,4.062828,0.49155499999999996
41,1.632309,0.03741483489313284,0.4,1.0,155.927398,0.25,0.5,0.25,0.006158,1.0,1.0,93.190387,0.0004221902134802703,0.021334,0.0,0.65,0.35,0.1,0.999817,0.2,1.160718,0.931904,0.0,142.116037,0.06,0.00237,4.057057,0.4715910000000001
42,1.624553,0.03437646458076075,0.4,1.0,158.729247,0.25,0.5,0.25,0.006219,1.0,1.0,93.006246,0.0004222669111986198,0.020298,0.0,0.65,0.35,0.1,0.999838,0.2,1.172975,0.930062,0.0,142.090224,0.06,0.002255,4.051849,0.4515779999999998
43,1.616701,0.03157351118164881,0.4,1.0,161.526394,0.25,0.5,0.25,0.006281,1.0,1.0,92.822377,0.00042246675975205367,0.019421,0.0,0.65,0.35,0.1,0.999857,0.2,1.185175,0.928224,0.0,142.023008,0.06,0.002158,4.047147,0.43152599999999985
44,1.608767,0.02898917119493357,0.4,1.0,164.319297,0.25,0.5,0.25,0.006342,1.0,1.0,92.638794,0.0004225166711170582,0.018687,0.0,0.65,0.35,0.1,0.999873,0.2,1.197309,0.926388,0.0,142.006231,0.06,0.002076,4.042903,0.4114580000000001
45,1.600766,0.026607633353272944,0.4,1.0,167.108367,0.25,0.5,0.25,0.006403,1.0,1.0,92.455512,0.00042269248561603893,0.018081,0.0,0.65,0.35,0.1,0.999888,0.2,1.209387,0.924555,0.0,141.947165,0.06,0.002009,4.03907,0.3913789999999999
46,1.592711,0.024414070341413966,0.4,1.0,169.893977,0.25,0.5,0.25,0.006463,1.0,1.0,92.272542,0.0004227205504137197,0.017589,0.0,0.65,0.35,0.1,0.9999,0.2,1.221401,0.922725,0.0,141.937741,0.06,0.001954,4.03561,0.37131000000000003
47,1.584613,0.022394579331667067,0.4,1.0,172.676461,0.25,0.5,0.25,0.006523,1.0,1.0,92.089895,0.0004228767616808023,0.017201,0.0,0.65,0.35,0.1,0.999912,0.2,1.233359,0.920899,0.0,141.885309,0.06,0.001911,4.032484,0.35125399999999996
48,1.576482,0.020536193199235057,0.4,1.0,175.456123,0.25,0.5,0.25,0.006582,1.0,1.0,91.907581,0.00042288700858758766,0.016905,0.0,0.65,0.35,0.1,0.999922,0.2,1.245253,0.919076,0.0,141.881871,0.06,0.001878,4.029662,0.331229
49,1.568328,0.01882677434725713,0.4,1.0,178.233235,0.25,0.5,0.25,0.006641,1.0,1.0,91.725608,0.00042302722469964585,0.016692,0.0,0.65,0.35,0.1,0.99993,0.2,1.257092,0.917256,0.0,141.834843,0.06,0.001855,4.027112,0.31123599999999985
50,1.560158,0.017255009327084844,0.4,1.0,181.008044,0.25,0.5,0.25,0.0067,1.0,1.0,91.543983,0.00042302292989446146,0.016553,0.0,0.65,0.35,0.1,0.999938,0.2,1.268868,0.91544,0.0,141.836283,0.06,0.001839,4.024809,0.2912899999999998
51,1.55198,0.015810378528623933,0.4,1.0,183.780772,0.25,0.5,0.25,0.006759,1.0,1.0,91.362714,0.00042315009603603005,0.01648,0.0,0.65,0.35,0.1,0.999945,0.2,1.28059,0.913627,0.0,141.793658,0.06,0.001831,4.022728,0.27139
52,1.543801,0.014483089724962704,0.4,1.0,186.551621,0.25,0.5,0.25,0.006817,1.0,1.0,91.181806,0.00042313393386475854,0.016467,0.0,0.65,0.35,0.1,0.999951,0.2,1.29225,0.911818,0.0,141.799074,0.06,0.00183,4.020849,0.2515510000000001
53,1.535626,0.013264031218076787,0.4,1.0,189.320772,0.25,0.5,0.25,0.006874,1.0,1.0,91.001264,0.0004232504449067593,0.016507,0.0,0.65,0.35,0.1,0.999956,0.2,1.303856,0.910013,0.0,141.76004,0.06,0.001834,4.019151,0.23177000000000003
54,1.527461,0.012144755916674566,0.4,1.0,192.088388,0.25,0.5,0.25,0.006932,1.0,1.0,90.821093,0.0004232245934626232,0.016595,0.0,0.65,0.35,0.1,0.999961,0.2,1.315401,0.908211,0.0,141.768699,0.06,0.001844,4.017616,0.21205999999999992
55,1.51931,0.011117427647960932,0.4,1.0,194.854618,0.25,0.5,0.25,0.006989,1.0,1.0,90.641297,0.00042333240581203215,0.016725,0.0,0.65,0.35,0.1,0.999965,0.2,1.326893,0.906413,0.0,141.732594,0.06,0.001858,4.01623,0.19241699999999984
56,1.511178,0.010174786235992437,0.4,1.0,197.619595,0.25,0.5,0.25,0.007045,1.0,1.0,90.461879,0.00042329864229288626,0.016893,0.0,0.65,0.35,0.1,0.999969,0.2,1.338324,0.904619,0.0,141.743899,0.06,0.001877,4.014977,0.17285399999999984
57,1.503068,0.009310102674441868,0.4,1.0,200.383441,0.25,0.5,0.25,0.007101,1.0,1.0,90.282842,0.0004233993514538094,0.017095,0.0,0.65,0.35,0.1,0.999972,0.2,1.349703,0.902828,0.0,141.710184,0.06,0.001899,4.013846,0.15336499999999997
58,1.494984,0.008517165094673306,0.4,1.0,203.146264,0.25,0.5,0.25,0.007157,1.0,1.0,90.104188,0.00042335913074548524,0.017327,0.0,0.65,0.35,0.1,0.999975,0.2,1.361022,0.901042,0.0,141.723647,0.06,0.001925,4.012823,0.13396200000000014
59,1.486929,0.007790227039397816,0.4,1.0,205.908163,0.25,0.5,0.25,0.007213,1.0,1.0,89.92592,0.00042345404093087,0.017586,0.0,0.65,0.35,0.1,0.999978,0.2,1.37229,0.899259,0.0,141.691882,0.06,0.001954,4.011899,0.11463899999999994
60,1.478905,0.007123960869203858,0.4,1.0,208.669226,0.25,0.5,0.25,0.007268,1.0,1.0,89.74804,0.00042340854207539115,0.017868,0.0,0.65,0.35,0.1,0.99998,0.2,1.383499,0.89748,0.0,141.707108,0.06,0.001985,4.011063,0.09540599999999988
61,1.470914,0.006513454940323134,0.4,1.0,211.429535,0.25,0.5,0.25,0.007323,1.0,1.0,89.570549,0.0004234987155813329,0.018172,0.0,0.65,0.35,0.1,0.999982,0.2,1.394657,0.895705,0.0,141.676935,0.06,0.002019,4.010309,0.07625700000000002
62,1.462959,0.00595419771988266,0.4,1.0,214.189161,0.25,0.5,0.25,0.007377,1.0,1.0,89.393449,0.00042344890964340594,0.018494,0.0,0.65,0.35,0.1,0.999984,0.2,1.405756,0.893934,0.0,141.693599,0.06,0.002055,4.009626,0.05720299999999989
63,1.455041,0.005441999208705092,0.4,1.0,216.948171,0.25,0.5,0.25,0.007431,1.0,1.0,89.21674,0.0004235352136988568,0.018833,0.0,0.65,0.35,0.1,0.999986,0.2,1.416806,0.892167,0.0,141.664726,0.06,0.002093,4.00901,0.03823500000000002
64,1.447163,0.00497301033413431,0.4,1.0,219.706624,0.25,0.5,0.25,0.007485,1.0,1.0,89.040424,0.00042348188713268987,0.019186,0.0,0.65,0.35,0.1,0.999987,0.2,1.427797,0.890404,0.0,141.682565,0.06,0.002132,4.008453,0.019365999999999994
65,1.439325,0.004543676189953237,0.4,1.0,222.464573,0.25,0.5,0.25,0.007538,1.0,1.0,88.864501,0.0004235650290988469,0.019552,0.0,0.65,0.35,0.1,0.999989,0.2,1.438739,0.888645,0.0,141.654754,0.06,0.002172,4.007949,0.0005859999999999754
66,1.431529,0.004150732332159802,0.4,1.0,225.222067,0.25,0.5,0.25,0.007592,1.0,1.0,88.688971,0.0004235088282391621,0.019929,0.0,0.65,0.35,0.1,0.99999,0.2,1.449624,0.88689,0.0,141.673552,0.06,0.002214,4.007494,-0.018094999999999972
67,1.423775,0.003791175916289342,0.4,1.0,227.97915,0.25,0.5,0.25,0.007644,1.0,1.0,88.513835,0.000423589388035328,0.020316,0.0,0.65,0.35,0.1,0.999991,0.2,1.46046,0.885138,0.0,141.646608,0.06,0.002257,4.007083,-0.03668500000000008
68,1.416065,0.003462226439399226,0.4,1.0,230.735862,0.25,0.5,0.25,0.007697,1.0,1.0,88.339093,0.00042353083682140387,0.020711,0.0,0.65,0.35,0.1,0.999992,0.2,1.47124,0.883391,0.0,141.66619,0.06,0.002301,4.006712,-0.055175000000000196
69,1.4084,0.003161342564507892,0.4,1.0,233.492238,0.25,0.5,0.25,0.007749,1.0,1.0,88.164745,0.00042360928753196295,0.021114,0.0,0.65,0.35,0.1,0.999993,0.2,1.481972,0.881647,0.0,141.639954,0.06,0.002346,4.006376,-0.07357199999999997
70,1.40078,0.0028861850423739116,0.4,1.0,236.24831,0.25,0.5,0.25,0.007801,1.0,1.0,87.990791,0.00042354882026652863,0.021523,0.0,0.65,0.35,0.1,0.999993,0.2,1.492648,0.879908,0.0,141.660175,0.06,0.002391,4.006072,-0.09186800000000006
71,1.393206,0.002634609729594773,0.4,1.0,239.004108,0.25,0.5,0.25,0.007852,1.0,1.0,87.81723,0.0004236255488483785,0.021938,0.0,0.65,0.35,0.1,0.999994,0.2,1.503277,0.878172,0.0,141.634517,0.06,0.002438,4.005798,-0.11007100000000003
72,1.385678,0.002404621869699118,0.4,1.0,241.759658,0.25,0.5,0.25,0.007903,1.0,1.0,87.644063,0.0004235635131123016,0.022357,0.0,0.65,0.35,0.1,0.999995,0.2,1.51385,0.876441,0.0,141.655261,0.06,0.002484,4.00555,-0.12817199999999995
73,1.378197,0.0021944133249977515,0.4,1.0,244.514984,0.25,0.5,0.25,0.007954,1.0,1.0,87.471289,0.0004236388351838407,0.02278,0.0,0.65,0.35,0.1,0.999995,0.2,1.524377,0.874713,0.0,141.630075,0.06,0.002531,4.005326,-0.1461800000000002
74,1.370763,0.0020023177050181246,0.4,1.0,247.270107,0.25,0.5,0.25,0.008004,1.0,1.0,87.298907,0.00042357551870740335,0.023206,0.0,0.65,0.35,0.1,0.999996,0.2,1.534849,0.872989,0.0,141.651246,0.06,0.002578,4.005123,-0.16408599999999995
75,1.363376,0.0018267963753717746,0.4,1.0,250.025047,0.25,0.5,0.25,0.008055,1.0,1.0,87.126917,0.0004236496903975124,0.023635,0.0,0.65,0.35,0.1,0.999996,0.2,1.545275,0.871269,0.0,141.626446,0.06,0.002626,4.00494,-0.18189900000000003
76,1.356037,0.001666451525329468,0.4,1.0,252.779822,0.25,0.5,0.25,0.008104,1.0,1.0,86.955319,0.00042358532702121537,0.024065,0.0,0.65,0.35,0.1,0.999996,0.2,1.555647,0.869553,0.0,141.647966,0.06,0.002674,4.004775,-0.19961000000000007
77,1.348746,0.0015199863065084227,0.4,1.0,255.534447,0.25,0.5,0.25,0.008154,1.0,1.0,86.784112,0.00042365855684864466,0.024497,0.0,0.65,0.35,0.1,0.999997,0.2,1.565974,0.867841,0.0,141.623482,0.06,0.002722,4.004625,-0.21722799999999998
78,1.341503,0.0013862203861069288,0.4,1.0,258.288937,0.25,0.5,0.25,0.008203,1.0,1.0,86.613295,0.0004235933384779686,0.02493,0.0,0.65,0.35,0.1,0.999997,0.2,1.576247,0.866133,0.0,141.645287,0.06,0.00277,4.00449,-0.23474400000000006
79,1.334308,0.0012640786077584999,0.4,1.0,261.043305,0.25,0.5,0.25,0.008252,1.0,1.0,86.442867,0.0004236658022472081,0.025364,0.0,0.65,0.35,0.1,0.999997,0.2,1.586476,0.864429,0.0,141.62106,0.06,0.002818,4.004368,-0.25216799999999995
80,1.327161,0.0011525673098358204,0.4,1.0,263.797563,0.25,0.5,0.25,0.008301,1.0,1.0,86.272828,0.00042359988483166327,0.025798,0.0,0.65,0.35,0.1,0.999998,0.2,1.596652,0.862728,0.0,141.643098,0.06,0.002866,4.004258,-0.2694909999999999
81,1.320062,0.0010507662946979432,0.4,1.0,266.551721,0.25,0.5,0.25,0.008349,1.0,1.0,86.103177,0.0004236717225978892,0.026232,0.0,0.65,0.35,0.1,0.999998,0.2,1.606784,0.861032,0.0,141.619081,0.06,0.002915,4.004158,-0.2867219999999999
82,1.313011,0.0009578603062085334,0.4,1.0,269.305789,0.25,0.5,0.25,0.008397,1.0,1.0,85.933913,0.00042360523510835387,0.026666,0.0,0.65,0.35,0.1,0.999998,0.2,1.616863,0.859339,0.0,141.641309,0.06,0.002963,4.004068,-0.303852
83,1.306008,0.0008730636848959885,0.4,1.0,272.059775,0.25,0.5,0.25,0.008445,1.0,1.0,85.765036,0.00042367656011690766,0.0271,0.0,0.65,0.35,0.1,0.999998,0.2,1.626899,0.85765,0.0,141.617464,0.06,0.003011,4.003986,-0.32089100000000004
84,1.299052,0.0007956953043083987,0.4,1.0,274.813688,0.25,0.5,0.25,0.008492,1.0,1.0,85.596544,0.0004236096075421488,0.027533,0.0,0.65,0.35,0.1,0.999998,0.2,1.636883,0.855965,0.0,141.639847,0.06,0.003059,4.003913,-0.337831
85,1.292144,0.0007251032677039332,0.4,1.0,277.567534,0.25,0.5,0.25,0.008539,1.0,1.0,85.428437,0.0004236805121856765,0.027965,0.0,0.65,0.35,0.1,0.999999,0.2,1.646825,0.854284,0.0,141.616143,0.06,0.003107,4.003846,-0.354681
86,1.285284,0.0006607008086409585,0.4,1.0,280.32132,0.25,0.5,0.25,0.008586,1.0,1.0,85.260714,0.0004236131785297337,0.028396,0.0,0.65,0.35,0.1,0.999999,0.2,1.656715,0.852607,0.0,141.638653,0.06,0.003155,4.003786,-0.37143099999999984
87,1.278471,0.0006019598321302779,0.4,1.0,283.075052,0.25,0.5,0.25,0.008632,1.0,1.0,85.093374,0.00042368374031169454,0.028826,0.0,0.65,0.35,0.1,0.999999,0.2,1.666563,0.850934,0.0,141.615064,0.06,0.003203,4.003732,-0.3880920000000001
88,1.271706,0.0005483790963315046,0.4,1.0,285.828735,0.25,0.5,0.25,0.008679,1.0,1.0,84.926416,0.0004236160945818386,0.029254,0.0,0.65,0.35,0.1,0.999999,0.2,1.676361,0.849264,0.0,141.637678,0.06,0.00325,4.003683,-0.404655
89,1.264988,0.000499520523407715,0.4,1.0,288.582374,0.25,0.5,0.25,0.008725,1.0,1.0,84.759839,0.00042368637909443276,0.029681,0.0,0.65,0.35,0.1,0.999999,0.2,1.686117,0.847598,0.0,141.614182,0.06,0.003298,4.003639,-0.4211290000000001
90,1.258317,0.000454976739248958,0.4,1.0,291.335973,0.25,0.5,0.25,0.00877,1.0,1.0,84.593642,0.00042361847829732987,0.030106,0.0,0.65,0.35,0.1,0.999999,0.2,1.695823,0.845936,0.0,141.636881,0.06,0.003345,4.003599,-0.4375060000000002
91,1.251693,0.00041435526890869613,0.4,1.0,294.089536,0.25,0.5,0.25,0.008815,1.0,1.0,84.427824,0.00042368853322715885,0.030529,0.0,0.65,0.35,0.1,0.999999,0.2,1.705488,0.844278,0.0,141.613462,0.06,0.003392,4.003563,-0.45379499999999995
92,1.245115,0.0003773287877491793,0.4,1.0,296.843066,0.25,0.5,0.25,0.008861,1.0,1.0,84.262384,0.00042362042536715354,0.030951,0.0,0.65,0.35,0.1,0.999999,0.2,1.715104,0.842624,0.0,141.63623,0.06,0.003439,4.00353,-0.469989
93,1.238584,0.00034357667097869107,0.4,1.0,299.596566,0.25,0.5,0.25,0.008905,1.0,1.0,84.097321,0.0004236902954436917,0.031371,0.0,0.65,0.35,0.1,0.999999,0.2,1.724679,0.840973,0.0,141.612873,0.06,0.003486,4.0035,-0.48609500000000017
94,1.232099,0.0003128234733674264,0.4,1.0,302.35004,0.25,0.5,0.25,0.00895,1.0,1.0,83.932634,0.0004236220195252049,0.031789,0.0,0.65,0.35,0.1,0.999999,0.2,1.734206,0.839326,0.0,141.635697,0.06,0.003532,4.003474,-0.5021069999999999
95,1.22566,0.00028479526093122705,0.4,1.0,305.10349,0.25,0.5,0.25,0.008994,1.0,1.0,83.768323,0.0004236917345482025,0.032205,0.0,0.65,0.35,0.1,0.999999,0.2,1.743693,0.837683,0.0,141.612392,0.06,0.003578,4.00345,-0.518033
96,1.219267,0.00025924549991636554,0.4,1.0,307.856918,0.25,0.5,0.25,0.009038,1.0,1.0,83.604386,0.00042362331759146726,0.032619,0.0,0.65,0.35,0.1,1.0,0.2,1.753131,0.836044,0.0,141.635263,0.06,0.003624,4.003428,-0.5338639999999999
97,1.212919,0.00023596528455131598,0.4,1.0,310.610326,0.25,0.5,0.25,0.009082,1.0,1.0,83.440822,0.0004236929103726585,0.03303,0.0,0.65,0.35,0.1,1.0,0.2,1.76253,0.834408,0.0,141.611999,0.06,0.00367,4.003408,-0.5496109999999998
98,1.206617,0.00021476667003907308,0.4,1.0,313.363717,0.25,0.5,0.25,0.009125,1.0,1.0,83.277631,0.00042362438237065385,0.033439,0.0,0.65,0.35,0.1,1.0,0.2,1.771881,0.832776,0.0,141.634907,0.06,0.003715,4.003391,-0.565264
99,1.20036,0.00019545440922612005,0.4,1.0,316.117092,0.25,0.5,0.25,0.009168,1.0,1.0,83.114811,0.0004236938707837358,0.033846,0.0,0.65,0.35,0.1,1.0,0.2,1.781194,0.831148,0.0,141.611678,0.06,0.003761,4.003375,-0.5808339999999999
100,1.194147,0.0001778528500660242,0.4,1.0,318.870452,0.25,0.5,0.25,0.009211,1.0,1.0,82.952361,0.00042362524975091365,0.034251,0.0,0.65,0.35,0.1,1.0,0.2,1.790459,0.829524,0.0,141.634617,0.06,0.003806,4.00336,-0.596312
101,1.187979,0.0001618298621033164,0.4,1.0,321.623799,0.25,0.5,0.25,0.009253,1.0,1.0,82.790281,0.0004236946576658386,0.034654,0.0,0.65,0.35,0.1,1.0,0.2,1.799686,0.827903,0.0,141.611415,0.06,0.00385,4.003347,-0.611707
102,1.181855,0.0001472405715387566,0.4,1.0,324.377134,0.25,0.5,0.25,0.009296,1.0,1.0,82.628569,0.00042362596160357363,0.035055,0.0,0.65,0.35,0.1,1.0,0.2,1.808867,0.826286,0.0,141.634379,0.06,0.003895,4.003335,-0.6270119999999999
103,1.175775,0.00013395458614343588,0.4,1.0,327.130459,0.25,0.5,0.25,0.009338,1.0,1.0,82.467224,0.00042369530093664906,0.035453,0.0,0.65,0.35,0.1,1.0,0.2,1.81801,0.824672,0.0,141.6112,0.06,0.003939,4.003325,-0.6422349999999999
104,1.169739,0.00012185462428640206,0.4,1.0,329.883774,0.25,0.5,0.25,0.00938,1.0,1.0,82.306246,0.0004236265418549907,0.035849,0.0,0.65,0.35,0.1,1.0,0.2,1.827107,0.823062,0.0,141.634185,0.06,0.003983,4.003315,-0.657368
105,1.163747,0.00011083499622364788,0.4,1.0,332.63708,0.25,0.5,0.25,0.009421,1.0,1.0,82.145633,0.00042369582453061124,0.036243,0.0,0.65,0.35,0.1,1.0,0.2,1.836167,0.821456,0.0,141.611025,0.06,0.004027,4.003306,-0.67242
106,1.157798,0.00010080065222382203,0.4,1.0,335.390379,0.25,0.5,0.25,0.009462,1.0,1.0,81.985385,0.00042362701443206155,0.036635,0.0,0.65,0.35,0.1,1.0,0.2,1.845181,0.819854,0.0,141.634027,0.06,0.004071,4.003299,-0.6873829999999999
107,1.151892,9.166604172918747e-05,0.4,1.0,338.143671,0.25,0.5,0.25,0.009503,1.0,1.0,81.8255,0.0004236962523826382,0.037024,0.0,0.65,0.35,0.1,1.0,0.2,1.854159,0.818255,0.0,141.610882,0.06,0.004114,4.003292,-0.702267
108,1.146029,8.335423960685148e-05,0.4,1.0,340.896956,0.25,0.5,0.25,0.009544,1.0,1.0,81.665978,0.0004236274002710848,0.037411,0.0,0.65,0.35,0.1,1.0,0.2,1.863091,0.81666,0.0,141.633898,0.06,0.004157,4.003285,-0.7170620000000001
109,1.140208,7.578289752953064e-05,0.4,1.0,343.650236,0.25,0.5,0.25,0.009584,1.0,1.0,81.506817,0.00042369660244403025,0.037796,0.0,0.65,0.35,0.1,1.0,0.2,1.871987,0.815068,0.0,141.610765,0.06,0.0042,4.00328,-0.731779
110,1.13443,6.890393357328897e-05,0.4,1.0,346.40351,0.25,0.5,0.25,0.009625,1.0,1.0,81.348017,0.0004236277173176299,0.038179,0.0,0.65,0.35,0.1,1.0,0.2,1.880839,0.81348,0.0,141.633792,0.06,0.004242,4.003274,-0.7464089999999999
111,1.128694,6.263512591259414e-05,0.4,1.0,349.15678,0.25,0.5,0.25,0.009665,1.0,1.0,81.189576,0.0004236968866823383,0.038559,0.0,0.65,0.35,0.1,1.0,0.2,1.889655,0.811896,0.0,141.61067,0.06,0.004284,4.00327,-0.760961
112,1.123,5.692850779127329e-05,0.4,1.0,351.910046,0.25,0.5,0.25,0.009704,1.0,1.0,81.031494,0.00042362797454442095,0.038937,0.0,0.65,0.35,0.1,1.0,0.2,1.898427,0.810315,0.0,141.633706,0.06,0.004326,4.003266,-0.7754270000000001
113,1.117347,5.174077288019843e-05,0.4,1.0,354.663308,0.25,0.5,0.25,0.009744,1.0,1.0,80.873769,0.0004236971200572341,0.039313,0.0,0.65,0.35,0.1,1.0,0.2,1.907164,0.808738,0.0,141.610592,0.06,0.004368,4.003262,-0.789817
114,1.111735,4.702003572573128e-05,0.4,1.0,357.416567,0.25,0.5,0.25,0.009783,1.0,1.0,80.716401,0.00042362818690630934,0.039686,0.0,0.65,0.35,0.1,1.0,0.2,1.915857,0.807164,0.0,141.633635,0.06,0.00441,4.003259,-0.804122
115,1.106164,4.273263931803844e-05,0.4,1.0,360.169823,0.25,0.5,0.25,0.009822,1.0,1.0,80.559389,0.0004236973115445202,0.040057,0.0,0.65,0.35,0.1,1.0,0.2,1.924516,0.805594,0.0,141.610528,0.06,0.004451,4.003256,-0.818352
116,1.100634,3.882220644407312e-05,0.4,1.0,362.923076,0.25,0.5,0.25,0.009861,1.0,1.0,80.402731,0.00042362835739417665,0.040426,0.0,0.65,0.35,0.1,1.0,0.2,1.933132,0.804027,0.0,141.633578,0.06,0.004492,4.003253,-0.8324980000000002
117,1.095145,3.526401861640446e-05,0.4,1.0,365.676326,0.25,0.5,0.25,0.009899,1.0,1.0,80.246427,0.0004236974671280675,0.040793,0.0,0.65,0.35,0.1,1.0,0.2,1.941714,0.802464,0.0,141.610476,0.06,0.004533,4.00325,-0.8465689999999999
118,1.089696,3.203583496097347e-05,0.4,1.0,368.429574,0.25,0.5,0.25,0.009937,1.0,1.0,80.090476,0.000423628497971995,0.041157,0.0,0.65,0.35,0.1,1.0,0.2,1.950253,0.800905,0.0,141.633531,0.06,0.004573,4.003248,-0.860557
119,1.084287,2.9091736294979085e-05,0.4,1.0,371.18282,0.25,0.5,0.25,0.009975,1.0,1.0,79.934877,0.0004236975927917854,0.041519,0.0,0.65,0.35,0.1,1.0,0.2,1.958758,0.799349,0.0,141.610434,0.06,0.004613,4.003246,-0.874471
120,1.078918,2.641623284332832e-05,0.4,1.0,373.936065,0.25,0.5,0.25,0.010013,1.0,1.0,79.779629,0.00042362861163072497,0.041879,0.0,0.65,0.35,0.1,1.0,0.2,1.967221,0.797796,0.0,141.633493,0.06,0.004653,4.003245,-0.8883030000000001
121,1.073588,2.3982461858567364e-05,0.4,1.0,376.689308,0.25,0.5,0.25,0.010051,1.0,1.0,79.624731,0.0004236976975116072,0.042237,0.0,0.65,0.35,0.1,1.0,0.2,1.975651,0.796247,0.0,141.610399,0.06,0.004693,4.003243,-0.9020630000000001
122,1.068298,2.1779233719422033e-05,0.4,1.0,379.44255,0.25,0.5,0.25,0.010088,1.0,1.0,79.470182,0.00042362870734338683,0.042592,0.0,0.65,0.35,0.1,1.0,0.2,1.984039,0.794702,0.0,141.633461,0.06,0.004732,4.003242,-0.9157410000000001
123,1.063047,1.9770575382108382e-05,0.4,1.0,382.19579,0.25,0.5,0.25,0.010125,1.0,1.0,79.315981,0.00042369778427949877,0.042945,0.0,0.65,0.35,0.1,1.0,0.2,1.992395,0.79316,0.0,141.61037,0.06,0.004772,4.00324,-0.9293479999999998
124,1.057835,1.794994825672075e-05,0.4,1.0,384.949029,0.25,0.5,0.25,0.010162,1.0,1.0,79.162127,0.00042362878510995654,0.043296,0.0,0.65,0.35,0.1,1.0,0.2,2.000709,0.791621,0.0,141.633435,0.06,0.004811,4.003239,-0.942874
125,1.052661,1.6285565890416748e-05,0.4,1.0,387.702267,0.25,0.5,0.25,0.010198,1.0,1.0,79.008619,0.000423697853095438,0.043645,0.0,0.65,0.35,0.1,1.0,0.2,2.008991,0.790086,0.0,141.610347,0.06,0.004849,4.003238,-0.9563299999999999
126,1.047525,1.4774787099009741e-05,0.4,1.0,390.455504,0.25,0.5,0.25,0.010235,1.0,1.0,78.855457,0.00042362884792143744,0.043992,0.0,0.65,0.35,0.1,1.0,0.2,2.017233,0.788555,0.0,141.633414,0.06,0.004888,4.003237,-0.969708
127,1.042428,1.3402248310021751e-05,0.4,1.0,393.208741,0.25,0.5,0.25,0.010271,1.0,1.0,78.702639,0.00042369790994340465,0.044337,0.0,0.65,0.35,0.1,1.0,0.2,2.025443,0.787026,0.0,141.610328,0.06,0.004926,4.003237,-0.9830150000000002
128,1.037369,1.2154128698510898e-05,0.4,1.0,395.961977,0.25,0.5,0.25,0.010307,1.0,1.0,78.550164,0.0004236288987688405,0.044679,0.0,0.65,0.35,0.1,1.0,0.2,2.033612,0.785502,0.0,141.633397,0.06,0.004964,4.003236,-0.9962430000000002
129,1.032347,1.1018048366638679e-05,0.4,1.0,398.715212,0.25,0.5,0.25,0.010343,1.0,1.0,78.398032,0.0004236979548233892,0.045019,0.0,0.65,0.35,0.1,1.0,0.2,2.04175,0.78398,0.0,141.610313,0.06,0.005002,4.003235,-1.009403
130,1.027362,9.982740999865326e-06,0.4,1.0,401.468447,0.25,0.5,0.25,0.010378,1.0,1.0,78.246241,0.0004236289406431815,0.045357,0.0,0.65,0.35,0.1,1.0,0.2,2.049848,0.782462,0.0,141.633383,0.06,0.00504,4.003235,-1.0224859999999998
131,1.022415,9.051107190284721e-06,0.4,1.0,404.221681,0.25,0.5,0.25,0.010413,1.0,1.0,78.094791,0.0004236979937193834,0.045693,0.0,0.65,0.35,0.1,1.0,0.2,2.057916,0.780948,0.0,141.6103,0.06,0.005077,4.003234,-1.035501
132,1.017505,8.199801328345973e-06,0.4,1.0,406.974915,0.25,0.5,0.25,0.010448,1.0,1.0,77.943681,0.0004236289735444553,0.046027,0.0,0.65,0.35,0.1,1.0,0.2,2.065944,0.779437,0.0,141.633372,0.06,0.005114,4.003234,-1.048439
133,1.012631,7.4207880684453535e-06,0.4,1.0,409.728149,0.25,0.5,0.25,0.010483,1.0,1.0,77.79291,0.0004236980236393838,0.046359,0.0,0.65,0.35,0.1,1.0,0.2,2.073942,0.777929,0.0,141.61029,0.06,0.005151,4.003234,-1.0613110000000001
134,1.007794,6.719821432628353e-06,0.4,1.0,412.481382,0.25,0.5,0.25,0.010518,1.0,1.0,77.642477,0.0004236290034547086,0.046689,0.0,0.65,0.35,0.1,1.0,0.2,2.081901,0.776425,0.0,141.633362,0.06,0.005188,4.003233,-1.0741069999999997
135,1.002993,6.089093883906036e-06,0.4,1.0,415.234615,0.25,0.5,0.25,0.010552,1.0,1.0,77.492381,0.00042369805056738786,0.047017,0.0,0.65,0.35,0.1,1.0,0.2,2.08983,0.774924,0.0,141.610281,0.06,0.005224,4.003233,-1.086837
136,0.998228,5.508603580960363e-06,0.4,1.0,417.987848,0.25,0.5,0.25,0.010586,1.0,1.0,77.342621,0.0004236290273829143,0.047343,0.0,0.65,0.35,0.1,1.0,0.2,2.09772,0.773426,0.0,141.633354,0.06,0.00526,4.003233,-1.0994919999999997
137,0.993499,4.98630469776948e-06,0.4,1.0,420.741081,0.25,0.5,0.25,0.01062,1.0,1.0,77.193196,0.0004236980715113933,0.047667,0.0,0.65,0.35,0.1,1.0,0.2,2.105581,0.771932,0.0,141.610274,0.06,0.005296,4.003233,-1.112082
138,0.988805,4.503399830133002e-06,0.4,1.0,423.494313,0.25,0.5,0.25,0.010654,1.0,1.0,77.044105,0.0004236290453290703,0.047989,0.0,0.65,0.35,0.1,1.0,0.2,2.113404,0.770441,0.0,141.633348,0.06,0.005332,4.003232,-1.124599
139,0.984147,4.068927478888231e-06,0.4,1.0,426.247545,0.25,0.5,0.25,0.010687,1.0,1.0,76.895348,0.00042369808946339965,0.048309,0.0,0.65,0.35,0.1,1.0,0.2,2.121197,0.768953,0.0,141.610268,0.06,0.005368,4.003232,-1.13705
140,0.979524,3.6780475481516527e-06,0.4,1.0,429.000777,0.25,0.5,0.25,0.010721,1.0,1.0,76.746924,0.0004236290602842016,0.048627,0.0,0.65,0.35,0.1,1.0,0.2,2.128953,0.767469,0.0,141.633343,0.06,0.005403,4.003232,-1.149429
141,0.974936,3.3134165118245016e-06,0.4,1.0,431.754009,0.25,0.5,0.25,0.010754,1.0,1.0,76.598831,0.0004236981014314047,0.048943,0.0,0.65,0.35,0.1,1.0,0.2,2.13668,0.765988,0.0,141.610264,0.06,0.005438,4.003232,-1.161744
142,0.970383,2.9853934027631515e-06,0.4,1.0,434.507241,0.25,0.5,0.25,0.010787,1.0,1.0,76.451069,0.0004236290722483073,0.049257,0.0,0.65,0.35,0.1,1.0,0.2,2.14437,0.764511,0.0,141.633339,0.06,0.005473,4.003232,-1.173987
143,0.965864,2.690314242149632e-06,0.4,1.0,437.260473,0.25,0.5,0.25,0.010819,1.0,1.0,76.303637,0.0004236981133994105,0.049569,0.0,0.65,0.35,0.1,1.0,0.2,2.152032,0.763036,0.0,141.61026,0.06,0.005508,4.003232,-1.1861680000000003
144,0.961379,2.4248874604391532e-06,0.4,1.0,440.013705,0.25,0.5,0.25,0.010852,1.0,1.0,76.156534,0.0004236290842124137,0.049879,0.0,0.65,0.35,0.1,1.0,0.2,2.159657,0.761565,0.0,141.633335,0.06,0.005542,4.003232,-1.1982780000000002
145,0.956928,2.186144961827506e-06,0.4,1.0,442.766937,0.25,0.5,0.25,0.010884,1.0,1.0,76.009759,0.0004236981223754152,0.050187,0.0,0.65,0.35,0.1,1.0,0.2,2.167254,0.760098,0.0,141.610257,0.06,0.005576,4.003232,-1.2103259999999998
146,0.952511,1.9675304656447552e-06,0.4,1.0,445.520169,0.25,0.5,0.25,0.010916,1.0,1.0,75.863312,0.00042362909019446715,0.050493,0.0,0.65,0.35,0.1,1.0,0.2,2.174814,0.758633,0.0,141.633333,0.06,0.00561,4.003232,-1.2223030000000001
147,0.948128,1.7707774190802797e-06,0.4,1.0,448.273401,0.25,0.5,0.25,0.010948,1.0,1.0,75.717191,0.0004236981283594186,0.050797,0.0,0.65,0.35,0.1,1.0,0.2,2.182347,0.757172,0.0,141.610255,0.06,0.005644,4.003232,-1.234219
148,0.943778,1.5936996771722516e-06,0.4,1.0,451.026633,0.25,0.5,0.25,0.01098,1.0,1.0,75.571396,0.00042362909617652076,0.051099,0.0,0.65,0.35,0.1,1.0,0.2,2.189844,0.755714,0.0,141.633331,0.06,0.005678,4.003232,-1.246066
149,0.939462,1.4343297094550266e-06,0.4,1.0,453.779865,0.25,0.5,0.25,0.011011,1.0,1.0,75.425925,0.00042369813434342215,0.051399,0.0,0.65,0.35,0.1,1.0,0.2,2.197314,0.754259,0.0,141.610253,0.06,0.005711,4.003232,-1.257852
150,0.935179,1.290896738509524e-06,0.4,1.0,456.533097,0.25,0.5,0.25,0.011042,1.0,1.0,75.280778,0.00042362910215857453,0.051697,0.0,0.65,0.35,0.1,1.0,0.2,2.204748,0.752808,0.0,141.633329,0.06,0.005744,4.003232,-1.269569
151,0.930928,1.1618070646585715e-06,0.4,1.0,459.286329,0.25,0.5,0.25,0.011073,1.0,1.0,75.135954,0.00042369814032742586,0.051993,0.0,0.65,0.35,0.1,1.0,0.2,2.212155,0.75136,0.0,141.610251,0.06,0.005777,4.003232,-1.2812270000000001
152,0.92671,1.0456263581927145e-06,0.4,1.0,462.039562,0.25,0.5,0.25,0.011104,1.0,1.0,74.991452,0.00042362910814062847,0.052288,0.0,0.65,0.35,0.1,1.0,0.2,2.219527,0.749915,0.0,141.633327,0.06,0.00581,4.003233,-1.2928169999999999
153,0.922524,9.41063722373443e-07,0.4,1.0,464.792795,0.25,0.5,0.25,0.011135,1.0,1.0,74.847272,0.00042369814631142974,0.052581,0.0,0.65,0.35,0.1,1.0,0.2,2.226873,0.748473,0.0,141.610249,0.06,0.005842,4.003233,-1.3043489999999998
154,0.91837,8.469573501360988e-07,0.4,1.0,467.546028,0.25,0.5,0.25,0.011165,1.0,1.0,74.703412,0.00042362911412268257,0.052872,0.0,0.65,0.35,0.1,1.0,0.2,2.234184,0.747034,0.0,141.633325,0.06,0.005875,4.003233,-1.315814
155,0.914248,7.622616151224889e-07,0.4,1.0,470.299261,0.25,0.5,0.25,0.011196,1.0,1.0,74.559872,0.00042369814930343173,0.053161,0.0,0.65,0.35,0.1,1.0,0.2,2.241469,0.745599,0.0,141.610248,0.06,0.005907,4.003233,-1.327221
156,0.910158,6.860354536102401e-07,0.4,1.0,473.052494,0.25,0.5,0.25,0.011226,1.0,1.0,74.416651,0.00042362911412268257,0.053448,0.0,0.65,0.35,0.1,1.0,0.2,2.248719,0.744167,0.0,141.633325,0.06,0.005939,4.003233,-1.338561
157,0.9061,6.174319082492161e-07,0.4,1.0,475.805727,0.25,0.5,0.25,0.011256,1.0,1.0,74.273747,0.00042369814930343173,0.053733,0.0,0.65,0.35,0.1,1.0,0.2,2.255944,0.742737,0.0,141.610248,0.06,0.00597,4.003233,-1.349844
158,0.902073,5.556887174242944e-07,0.4,1.0,478.55896,0.25,0.5,0.25,0.011285,1.0,1.0,74.131161,0.00042362911412268257,0.054017,0.0,0.65,0.35,0.1,1.0,0.2,2.263135,0.741312,0.0,141.633325,0.06,0.006002,4.003233,-1.361062
159,0.898077,5.00119845681865e-07,0.4,1.0,481.312193,0.25,0.5,0.25,0.011315,1.0,1.0,73.988891,0.00042369814930343173,0.054299,0.0,0.65,0.35,0.1,1.0,0.2,2.270301,0.739889,0.0,141.610248,0.06,0.006033,4.003233,-1.3722239999999999
160,0.894112,4.501078611136785e-07,0.4,1.0,484.065426,0.25,0.5,0.25,0.011344,1.0,1.0,73.846936,0.00042362911412268257,0.054579,0.0,0.65,0.35,0.1,1.0,0.2,2.277433,0.738469,0.0,141.633325,0.06,0.006064,4.003233,-1.3833209999999998
161,0.890178,4.050970750023107e-07,0.4,1.0,486.81866,0.25,0.5,0.25,0.011374,1.0,1.0,73.705296,0.00042369814930343173,0.054857,0.0,0.65,0.35,0.1,1.0,0.2,2.28454,0.737053,0.0,141.610248,0.06,0.006095,4.003234,-1.3943619999999997
162,0.886275,3.645873675020796e-07,0.4,1.0,489.571894,0.25,0.5,0.25,0.011403,1.0,1.0,73.56397,0.00042362911412268257,0.055134,0.0,0.65,0.35,0.1,1.0,0.2,2.291614,0.73564,0.0,141.633325,0.06,0.006126,4.003234,-1.4053390000000001
163,0.882402,3.281286307518717e-07,0.4,1.0,492.325128,0.25,0.5,0.25,0.011431,1.0,1.0,73.422957,0.00042369814930343173,0.055409,0.0,0.65,0.35,0.1,1.0,0.2,2.298663,0.73423,0.0,141.610248,0.06,0.006157,4.003234,-1.416261
164,0.878559,2.9531576767668453e-07,0.4,1.0,495.078362,0.25,0.5,0.25,0.01146,1.0,1.0,73.282256,0.00042362911412268257,0.055682,0.0,0.65,0.35,0.1,1.0,0.2,2.305679,0.732823,0.0,141.633325,0.06,0.006187,4.003234,-1.42712
165,0.874746,2.657841909090161e-07,0.4,1.0,497.831596,0.25,0.5,0.25,0.011489,1.0,1.0,73.141866,0.00042369814930343173,0.055953,0.0,0.65,0.35,0.1,1.0,0.2,2.312671,0.731419,0.0,141.610248,0.06,0.006217,4.003234,-1.437925
166,0.870963,2.392057718181145e-07,0.4,1.0,500.58483,0.25,0.5,0.25,0.011517,1.0,1.0,73.001787,0.00042362911412268257,0.056223,0.0,0.65,0.35,0.1,1.0,0.2,2.319631,0.730018,0.0,141.633325,0.06,0.006247,4.003234,-1.448668
167,0.86721,2.1528519463630306e-07,0.4,1.0,503.338065,0.25,0.5,0.25,0.011545,1.0,1.0,72.862018,0.00042369814930343173,0.056491,0.0,0.65,0.35,0.1,1.0,0.2,2.326567,0.72862,0.0,141.610248,0.06,0.006277,4.003235,-1.4593569999999998
168,0.863486,1.9375667517267277e-07,0.4,1.0,506.0913,0.25,0.5,0.25,0.011573,1.0,1.0,72.722557,0.00042362911412268257,0.056757,0.0,0.65,0.35,0.1,1.0,0.2,2.333471,0.727226,0.0,141.633325,0.06,0.006306,4.003235,-1.4699849999999999
169,0.859791,1.7438100765540548e-07,0.4,1.0,508.844535,0.25,0.5,0.25,0.011601,1.0,1.0,72.583405,0.00042369814930343173,0.057022,0.0,0.65,0.35,0.1,1.0,0.2,2.340351,0.725834,0.0,141.610248,0.06,0.006336,4.003235,-1.48056
170,0.856125,1.5694290688986495e-07,0.4,1.0,511.59777,0.25,0.5,0.25,0.011628,1.0,1.0,72.44456,0.00042362911412268257,0.057285,0.0,0.65,0.35,0.1,1.0,0.2,2.347199,0.724446,0.0,141.633325,0.06,0.006365,4.003235,-1.4910739999999998
171,0.852488,1.4124861620087845e-07,0.4,1.0,514.351005,0.25,0.5,0.25,0.011656,1.0,1.0,72.306021,0.00042369814930343173,0.057546,0.0,0.65,0.35,0.1,1.0,0.2,2.354024,0.72306,0.0,141.610248,0.06,0.006394,4.003235,-1.5015359999999998
172,0.84888,1.2712375458079061e-07,0.4,1.0,517.10424,0.25,0.5,0.25,0.011683,1.0,1.0,72.167788,0.00042362911412268257,0.057806,0.0,0.65,0.35,0.1,1.0,0.2,2.360818,0.721678,0.0,141.633325,0.06,0.006423,4.003235,-1.5119380000000002
173,0.845301,1.1441137912271156e-07,0.4,1.0,519.857475,0.25,0.5,0.25,0.01171,1.0,1.0,72.02986,0.00042369814930343173,0.058064,0.0,0.65,0.35,0.1,1.0,0.2,2.367589,0.720299,0.0,141.610248,0.06,0.006452,4.003235,-1.522288
174,0.84175,1.029702412104404e-07,0.4,1.0,522.61071,0.25,0.5,0.25,0.011737,1.0,1.0,71.892236,0.00042362911412268257,0.058321,0.0,0.65,0.35,0.1,1.0,0.2,2.374329,0.718922,0.0,141.633325,0.06,0.00648,4.003235,-1.532579
175,0.838227,9.267321708939637e-08,0.4,1.0,525.363946,0.25,0.5,0.25,0.011763,1.0,1.0,71.754916,0.00042369814930343173,0.058576,0.0,0.65,0.35,0.1,1.0,0.2,2.381046,0.717549,0.0,141.610248,0.06,0.006508,4.003236,-1.542819
176,0.834732,8.340589538045674e-08,0.4,1.0,528.117182,0.25,0.5,0.25,0.01179,1.0,1.0,71.617898,0.00042362911412268257,0.058829,0.0,0.65,0.35,0.1,1.0,0.2,2.387732,0.716179,0.0,141.633325,0.06,0.006537,4.003236,-1.5530000000000002
177,0.831265,7.506530584241106e-08,0.4,1.0,530.870418,0.25,0.5,0.25,0.011816,1.0,1.0,71.481182,0.00042369814930343173,0.059081,0.0,0.65,0.35,0.1,1.0,0.2,2.394396,0.714812,0.0,141.610248,0.06,0.006565,4.003236,-1.5631309999999998
178,0.827826,6.755877525816996e-08,0.4,1.0,533.623654,0.25,0.5,0.25,0.011843,1.0,1.0,71.344767,0.00042362911412268257,0.059331,0.0,0.65,0.35,0.1,1.0,0.2,2.40103,0.713448,0.0,141.633325,0.06,0.006592,4.003236,-1.573204
179,0.824414,6.080289773235296e-08,0.4,1.0,536.37689,0.25,0.5,0.25,0.011869,1.0,1.0,71.208652,0.00042369814930343173,0.05958,0.0,0.65,0.35,0.1,1.0,0.2,2.407642,0.712087,0.0,141.610248,0.06,0.00662,4.003236,-1.583228
180,0.821029,5.4722607959117664e-08,0.4,1.0,539.130126,0.25,0.5,0.25,0.011895,1.0,1.0,71.072837,0.00042362911412268257,0.059827,0.0,0.65,0.35,0.1,1.0,0.2,2.414224,0.710728,0.0,141.633325,0.06,0.006647,4.003236,-1.593195
181,0.817672,4.92503471632059e-08,0.4,1.0,541.883362,0.25,0.5,0.25,0.01192,1.0,1.0,70.937321,0.00042369814930343173,0.060073,0.0,0.65,0.35,0.1,1.0,0.2,2.420785,0.709373,0.0,141.610248,0.06,0.006675,4.003236,-1.603113
182,0.814342,4.4325312446885314e-08,0.4,1.0,544.636599,0.25,0.5,0.25,0.011946,1.0,1.0,70.802103,0.00042362911412268257,0.060317,0.0,0.65,0.35,0.1,1.0,0.2,2.427316,0.708021,0.0,141.633325,0.06,0.006702,4.003237,-1.612974
183,0.811038,3.989278120219678e-08,0.4,1.0,547.389836,0.25,0.5,0.25,0.011971,1.0,1.0,70.667182,0.00042369814930343173,0.060559,0.0,0.65,0.35,0.1,1.0,0.2,2.433826,0.706672,0.0,141.610248,0.06,0.006729,4.003237,-1.622788
184,0.807761,3.5903503081977105e-08,0.4,1.0,550.143073,0.25,0.5,0.25,0.011996,1.0,1.0,70.532557,0.00042362911412268257,0.0608,0.0,0.65,0.35,0.1,1.0,0.2,2.440306,0.705326,0.0,141.633325,0.06,0.006756,4.003237,-1.6325450000000001
185,0.804511,3.2313152773779396e-08,0.4,1.0,552.89631,0.25,0.5,0.25,0.012022,1.0,1.0,70.398228,0.00042369814930343173,0.061039,0.0,0.65,0.35,0.1,1.0,0.2,2.446765,0.703982,0.0,141.610248,0.06,0.006782,4.003237,-1.642254
186,0.801287,2.9081837496401458e-08,0.4,1.0,555.649547,0.25,0.5,0.25,0.012046,1.0,1.0,70.264194,0.00042362911412268257,0.061277,0.0,0.65,0.35,0.1,1.0,0.2,2.453195,0.702642,0.0,141.633325,0.06,0.006809,4.003237,-1.6519080000000002
187,0.798089,2.617365374676131e-08,0.4,1.0,558.402784,0.25,0.5,0.25,0.012071,1.0,1.0,70.130454,0.00042369814930343173,0.061513,0.0,0.65,0.35,0.1,1.0,0.2,2.459604,0.701305,0.0,141.610248,0.06,0.006835,4.003237,-1.661515
188,0.794917,2.355628837208518e-08,0.4,1.0,561.156021,0.25,0.5,0.25,0.012096,1.0,1.0,69.997007,0.00042362911412268257,0.061748,0.0,0.65,0.35,0.1,1.0,0.2,2.465984,0.69997,0.0,141.633325,0.06,0.006861,4.003237,-1.6710670000000003
189,0.791771,2.1200659534876662e-08,0.4,1.0,563.909258,0.25,0.5,0.25,0.01212,1.0,1.0,69.863853,0.00042369814930343173,0.061982,0.0,0.65,0.35,0.1,1.0,0.2,2.472344,0.698639,0.0,141.610248,0.06,0.006887,4.003237,-1.680573
190,0.78865,1.9080593581388995e-08,0.4,1.0,566.662496,0.25,0.5,0.25,0.012145,1.0,1.0,69.730991,0.00042362911412268257,0.062214,0.0,0.65,0.35,0.1,1.0,0.2,2.478676,0.69731,0.0,141.633325,0.06,0.006913,4.003238,-1.690026
191,0.785555,1.7172534223250096e-08,0.4,1.0,569.415734,0.25,0.5,0.25,0.012169,1.0,1.0,69.59842,0.00042369814930343173,0.062445,0.0,0.65,0.35,0.1,1.0,0.2,2.484988,0.695984,0.0,141.610248,0.06,0.006938,4.003238,-1.699433
192,0.782485,1.5455280800925088e-08,0.4,1.0,572.168972,0.25,0.5,0.25,0.012193,1.0,1.0,69.46614,0.00042362911412268257,0.062674,0.0,0.65,0.35,0.1,1.0,0.2,2.491271,0.694661,0.0,141.633325,0.06,0.006964,4.003238,-1.708786
193,0.77944,1.390975272083258e-08,0.4,1.0,574.92221,0.25,0.5,0.25,0.012217,1.0,1.0,69.334149,0.00042369814930343173,0.062902,0.0,0.65,0.35,0.1,1.0,0.2,2.497535,0.693341,0.0,141.610248,0.06,0.006989,4.003238,-1.718095
194,0.776421,1.2518777448749322e-08,0.4,1.0,577.675448,0.25,0.5,0.25,0.01224,1.0,1.0,69.202447,0.00042362911412268257,0.063128,0.0,0.65,0.35,0.1,1.0,0.2,2.503771,0.692024,0.0,141.633325,0.06,0.007014,4.003238,-1.72735
195,0.773426,1.126689970387439e-08,0.4,1.0,580.428686,0.25,0.5,0.25,0.012264,1.0,1.0,69.071033,0.00042369814930343173,0.063353,0.0,0.65,0.35,0.1,1.0,0.2,2.509988,0.69071,0.0,141.610248,0.06,0.007039,4.003238,-1.736562
196,0.770456,1.0140209733486952e-08,0.4,1.0,583.181924,0.25,0.5,0.25,0.012287,1.0,1.0,68.939907,0.00042362911412268257,0.063576,0.0,0.65,0.35,0.1,1.0,0.2,2.516177,0.689399,0.0,141.633325,0.06,0.007064,4.003238,-1.7457209999999999
197,0.767511,9.126188760138256e-09,0.4,1.0,585.935162,0.25,0.5,0.25,0.012311,1.0,1.0,68.809068,0.00042369814930343173,0.063798,0.0,0.65,0.35,0.1,1.0,0.2,2.522347,0.688091,0.0,141.610248,0.06,0.007089,4.003238,-1.7548359999999998
198,0.76459,8.21356988412443e-09,0.4,1.0,588.688401,0.25,0.5,0.25,0.012334,1.0,1.0,68.678515,0.00042362911412268257,0.064019,0.0,0.65,0.35,0.1,1.0,0.2,2.52849,0.686785,0.0,141.633325,0.06,0.007113,4.003239,-1.7639
199,0.761693,7.392212895711988e-09,0.4,1.0,591.44164,0.25,0.5,0.25,0.012357,1.0,1.0,68.548247,0.00042369814930343173,0.064238,0.0,0.65,0.35,0.1,1.0,0.2,2.534614,0.685482,0.0,141.610248,0.06,0.007138,4.003239,-1.772921
